<?xml version="1.0" encoding="utf-8"?>
<!--/999295/1872051/2.50/6/2/Switch/-->
<quadcept_library>
  <setting unit="mil" />
  <textstyle name="Default" height="47.244094488189" strokewidth="7.8740157480315" charwidth="47.244094488189" />
  <textstyle name="Dimension" height="19.6850393700787" strokewidth="0" charwidth="19.6850393700787" />
  <textstyle name="H127W0635TH00762" height="50" strokewidth="3" charwidth="25" />
  <textstyle name="H15W15TH02" height="59.0551181102362" strokewidth="7.8740157480315" charwidth="59.0551181102362" />
  <padstyle name="c210_h140" surface="False" plated="True" isvia="False" nopaste="True" nomask="True" complex="False" holesize="55.11811023622">
    <padshape layer="TOP" shape="round" width="82.67716535433" height="82.67716535433" />
    <padshape layer="TOP_SOLDER_MASK" shape="round" width="90.551181102361" height="90.551181102361" />
    <padshape layer="INNER" shape="round" width="82.67716535433" height="82.67716535433" />
    <padshape layer="BOTTOM" shape="round" width="82.67716535433" height="82.67716535433" />
    <padshape layer="BOTTOM_SOLDER_MASK" shape="round" width="90.551181102361" height="90.551181102361" />
  </padstyle>
  <padstyle name="s210_h140" surface="False" plated="True" isvia="False" nopaste="True" nomask="True" complex="False" holesize="55.11811023622">
    <padshape layer="TOP" shape="square" width="82.67716535433" height="82.67716535433" />
    <padshape layer="TOP_SOLDER_MASK" shape="square" width="90.551181102361" height="90.551181102361" />
    <padshape layer="INNER" shape="square" width="82.67716535433" height="82.67716535433" />
    <padshape layer="BOTTOM" shape="square" width="82.67716535433" height="82.67716535433" />
    <padshape layer="BOTTOM_SOLDER_MASK" shape="square" width="90.551181102361" height="90.551181102361" />
  </padstyle>
  <footprint name="KC14A10001NPS" originx="0" originy="0" pickpointx="0" pickpointy="0">
    <pcbpin number="1" name="1" style="s210_h140" originx="0" originy="0" rotation="90" />
    <pcbpin number="2" name="2" style="c210_h140" originx="-194.13385826771" originy="112.08661417323" rotation="90" />
    <pcbpin number="3" name="3" style="c210_h140" originx="-306.22047244094" originy="306.22047244094" rotation="90" />
    <pcbpin number="4" name="4" style="c210_h140" originx="-306.22047244094" originy="530.3937007874" rotation="90" />
    <pcbpin number="5" name="9" style="c210_h140" originx="530.3937007874" originy="530.3937007874" rotation="90" />
    <pcbpin number="6" name="10" style="c210_h140" originx="0.74803149606298" originy="306.968503937" rotation="90" />
    <line layer="TOP_PLACE_BOUND" originx="-468.62204724409" originy="999.01574803148" endx="692.79527559054" endy="999.01574803148" width="3.9370078740157" />
    <line layer="TOP_PLACE_BOUND" originx="692.79527559054" originy="999.01574803148" endx="692.79527559054" endy="-162.40157480315" width="3.9370078740157" />
    <line layer="TOP_PLACE_BOUND" originx="692.79527559054" originy="-162.40157480315" endx="-468.62204724409" endy="-162.40157480315" width="3.9370078740157" />
    <line layer="TOP_PLACE_BOUND" originx="-468.62204724409" originy="-162.40157480315" endx="-468.62204724409" endy="999.01574803148" width="3.9370078740157" />
    <line layer="TOP_ASSEMBLY" originx="-429.25196850393" originy="418.30708661417" endx="-429.25196850393" endy="418.30708661417" width="3.9370078740157" />
    <arc layer="TOP_ASSEMBLY" originx="112.08661417323" originy="418.30708661417" startangle="-180.0" sweepangle="180.0" radius="541.33858267716" width="3.9370078740157" />
    <line layer="TOP_ASSEMBLY" originx="653.42519685039" originy="418.30708661417" endx="653.42519685039" endy="418.30708661417" width="3.9370078740157" />
    <arc layer="TOP_ASSEMBLY" originx="112.08661417323" originy="418.30708661417" startangle=".0" sweepangle="180.0" radius="541.33858267716" width="3.9370078740157" />
    <line layer="TOP_SILKSCREEN" originx="-429.25196850393" originy="418.30708661417" endx="-429.25196850393" endy="418.30708661417" width="7.8740157480314" />
    <arc layer="TOP_SILKSCREEN" originx="112.08661417323" originy="418.30708661417" startangle="-180.0" sweepangle="180.0" radius="541.33858267716" width="7.8740157480314" />
    <line layer="TOP_SILKSCREEN" originx="653.42519685039" originy="418.30708661417" endx="653.42519685039" endy="418.30708661417" width="7.8740157480314" />
    <arc layer="TOP_SILKSCREEN" originx="112.08661417323" originy="418.30708661417" startangle=".0" sweepangle="180.0" radius="541.33858267716" width="7.8740157480314" />
    <line layer="TOP_SILKSCREEN" originx="-3.9370078740157" originy="-137.79527559055" endx="-3.9370078740157" endy="-137.79527559055" width="7.8740157480314" />
    <arc layer="TOP_SILKSCREEN" originx="3.2782175923971E-15" originy="-137.79527559055" startangle="180.0" sweepangle="180.0" radius="3.9370078740157" width="7.8740157480314" />
    <line layer="TOP_SILKSCREEN" originx="3.9370078740157" originy="-137.79527559055" endx="3.9370078740157" endy="-137.79527559055" width="7.8740157480314" />
    <arc layer="TOP_SILKSCREEN" originx="3.2782175923971E-15" originy="-137.79527559055" startangle=".0" sweepangle="180.0" radius="3.9370078740157" width="7.8740157480314" />
  </footprint>
  <symbol name="KC14A10.001NPS" originx="0" originy="0">
    <line originx="200" originy="100" endx="1100" endy="100" width="0" />
    <line originx="1100" originy="-300" endx="1100" endy="100" width="0" />
    <line originx="1100" originy="-300" endx="200" endy="-300" width="0" />
    <line originx="200" originy="100" endx="200" endy="-300" width="0" />
    <sympin number="1" originx="200" originy="0" rotation="180" length="100" width="7.8740157480315" flipped="False">
      <text name="pinname" originx="230" originy="0" style="Default" rotation="0" justify="left" flipped="False" hidden="False" data="NC" />
      <text name="pindes" originx="140" originy="20" style="Default" rotation="0" justify="lowerright" flipped="False" hidden="False" data="1" />
    </sympin>
    <sympin number="2" originx="200" originy="-100" rotation="180" length="100" width="7.8740157480315" flipped="False">
      <text name="pinname" originx="230" originy="-100" style="Default" rotation="0" justify="left" flipped="False" hidden="False" data="NO_1" />
      <text name="pindes" originx="140" originy="-80" style="Default" rotation="0" justify="lowerright" flipped="False" hidden="False" data="2" />
    </sympin>
    <sympin number="3" originx="200" originy="-200" rotation="180" length="100" width="7.8740157480315" flipped="False">
      <text name="pinname" originx="230" originy="-200" style="Default" rotation="0" justify="left" flipped="False" hidden="False" data="NO_2" />
      <text name="pindes" originx="140" originy="-180" style="Default" rotation="0" justify="lowerright" flipped="False" hidden="False" data="3" />
    </sympin>
    <sympin number="4" originx="1100" originy="0" rotation="0" length="100" width="7.8740157480315" flipped="False">
      <text name="pinname" originx="1070" originy="0" style="Default" rotation="0" justify="right" flipped="False" hidden="False" data="NO_3" />
      <text name="pindes" originx="1160" originy="20" style="Default" rotation="0" justify="lowerleft" flipped="False" hidden="False" data="4" />
    </sympin>
    <sympin number="9" originx="1100" originy="-100" rotation="0" length="100" width="7.8740157480315" flipped="False">
      <text name="pinname" originx="1070" originy="-100" style="Default" rotation="0" justify="right" flipped="False" hidden="False" data="SUPPORT" />
      <text name="pindes" originx="1160" originy="-80" style="Default" rotation="0" justify="lowerleft" flipped="False" hidden="False" data="9" />
    </sympin>
    <sympin number="10" originx="1100" originy="-200" rotation="0" length="100" width="7.8740157480315" flipped="False">
      <text name="pinname" originx="1070" originy="-200" style="Default" rotation="0" justify="right" flipped="False" hidden="False" data="A_-_COM" />
      <text name="pindes" originx="1160" originy="-180" style="Default" rotation="0" justify="lowerleft" flipped="False" hidden="False" data="10" />
    </sympin>
  </symbol>
  <component name="KC14A10.001NPS" designatorprefix="S" height="1267.7165354331" footprint="KC14A10001NPS">
    <comppin designator="1" sympin="1" pinswap="0" gateswap="0" gate="1" group="1" side="" type="Any" name="NC" />
    <comppin designator="2" sympin="2" pinswap="0" gateswap="0" gate="1" group="1" side="" type="Any" name="NO_1" />
    <comppin designator="3" sympin="3" pinswap="0" gateswap="0" gate="1" group="1" side="" type="Any" name="NO_2" />
    <comppin designator="4" sympin="4" pinswap="0" gateswap="0" gate="1" group="1" side="" type="Any" name="NO_3" />
    <comppin designator="9" sympin="9" pinswap="0" gateswap="0" gate="1" group="1" side="" type="Any" name="SUPPORT" />
    <comppin designator="10" sympin="10" pinswap="0" gateswap="0" gate="1" group="1" side="" type="Any" name="A_-_COM" />
    <attached_symbol gate="1" name="KC14A10.001NPS" />
    <pinmap designator="1" footprintpin="1" />
    <pinmap designator="2" footprintpin="2" />
    <pinmap designator="3" footprintpin="3" />
    <pinmap designator="4" footprintpin="4" />
    <pinmap designator="9" footprintpin="5" />
    <pinmap designator="10" footprintpin="6" />
    <text name="Datasheet" originx="0" originy="0" style="Default" rotation="0" justify="" flipped="False" hidden="True" data="https://configured-product-images.s3.amazonaws.com/2D/specs/KC14A10.001NPS.pdf" />
    <text name="Description" originx="0" originy="0" style="Default" rotation="0" justify="" flipped="False" hidden="True" data="ROTARY, 350mA, 125VAC , Panel Mount, Through Hole" />
    <text name="Mouser Part Number" originx="0" originy="0" style="Default" rotation="0" justify="" flipped="False" hidden="True" data="612-KC14A10.001NPS" />
    <text name="Mouser Price/Stock" originx="0" originy="0" style="Default" rotation="0" justify="" flipped="False" hidden="True" data="https://www.mouser.co.uk/ProductDetail/E-Switch/KC14A10.001NPS?qs=f57gQzlyLirvmfMwTBQQmw%3D%3D" />
    <text name="Manufacturer_Name" originx="0" originy="0" style="Default" rotation="0" justify="" flipped="False" hidden="True" data="E-Switch" />
    <text name="Manufacturer_Part_Number" originx="1150" originy="200" style="Default" rotation="0" justify="left" flipped="False" hidden="False" data="KC14A10.001NPS" />
  </component>
</quadcept_library>
